advertiser,profile_image,text,media_type,media_url,link_caption
Wedding suits,,"ğŸ¯ Play with peace of mind â€” in a trusted place.
Try us with OUR money ğŸ’°
ğŸ’µ $10 FREE sign-up bonus â€“ No deposit required
ğŸ”¥ 50% bonus on your first deposit
ğŸ Plus extra bonuses on every deposit
â™ ï¸ Wide variety of tables
Different limits â€¢ Different levels â€¢ For every type of player
ğŸ† Daily FREE tournaments
additional exciting tournaments every week
âœ… Safe
âœ… Reliable
âœ… Fast payouts 
ğŸ‘‰ Send us a message now and start playing today!
https://wa.me/message/IK7MZVE6NJA7I1",image,https://scontent-nrt1-2.xx.fbcdn.net/v/t39.35426-6/612159046_2411204122661448_8761987323708513488_n.jpg?stp=dst-jpg_s60x60_tt6&_nc_cat=104&ccb=1-7&_nc_sid=c53f8f&_nc_ohc=e5VBIHm9GcQQ7kNvwHjqDUF&_nc_oc=AdlB-oSMFeehzSnONi_AT6xGUwT1w23jy43lS7kp3amaB_GG-VuwuQ_BBJxUJw3GlhM&_nc_zt=14&_nc_ht=scontent-nrt1-2.xx&_nc_gid=j5ASyiB7yIIKyVsBKBJUZg&oh=00_AfoU-x9H-Xv0gNU61HRe3bB-HvJaaOs7u8uEu6RwmkXPpw&oe=6966E690,
NewBoss PH,,"Looking to launch an online business without the tech hassle?
Weâ€™ve got the platform ready for you.

Message us today.",image,https://scontent-nrt6-1.xx.fbcdn.net/v/t39.35426-6/612768349_4186988644848710_6373388933133825526_n.jpg?stp=dst-jpg_s60x60_tt6&_nc_cat=107&ccb=1-7&_nc_sid=c53f8f&_nc_ohc=Q9-aXFbxkzsQ7kNvwG3OZGX&_nc_oc=AdnGMJ_4QVXwQcmIJeGP7RYe0y_ouMNJvoHloLcBQox8Wl_pgW6frOUtx7a61Bgara0&_nc_zt=14&_nc_ht=scontent-nrt6-1.xx&_nc_gid=j5ASyiB7yIIKyVsBKBJUZg&oh=00_Afqge-L2u3uwGMSa29vOGM_MgY9B4KZmg2IlNzC64PTGfQ&oe=696704F1,
Zavala Matthew Megan,,"The Wise Windows app is now available

Move to desktop version and get a welcome bonus up to $200",image,https://scontent-nrt6-1.xx.fbcdn.net/v/t39.35426-6/612608669_2632158207163002_4030648212539812949_n.jpg?stp=dst-jpg_s60x60_tt6&_nc_cat=106&ccb=1-7&_nc_sid=c53f8f&_nc_ohc=prWMWhUGAQcQ7kNvwHztCFr&_nc_oc=Adk5lEAwjn9awfysNPZE8DBimRt3bTJx_UPdFqHdQmsbOqWyNyhWa85PyDkoEKSsv8g&_nc_zt=14&_nc_ht=scontent-nrt6-1.xx&_nc_gid=5TfTIJH_pC4H__PT9C7Stg&oh=00_AfoJkrUulQbxzIzV1RWm5pUIOMmYyM1ljTjbqHHWv0XmbA&oe=6966FB6C,
JL111 Win World,,"ğŸ¤‘ Play more, earn more!
Claim your â‚±61 FREE game credits now ğŸ
ğŸ˜ğŸ“š
ğŸ˜ğŸ“š
ğŸ˜ğŸ“š
ğŸ˜ğŸ“š
ğŸ˜ğŸ“š
ğŸ˜ğŸ“š
ğŸ˜ğŸ“š
ğŸ˜ğŸ“š
ğŸ˜ğŸ“š
ğŸ˜ğŸ“š
ğŸ˜ğŸ“š
ğŸ˜ğŸ“š
ğŸ˜ğŸ“š
Chapter 10: Becoming Someone New

Amelia applied for jobs sheâ€™d once dismissed as impractical.
She went to interviews wearing clothes she liked, not clothes chosen to fit someone elseâ€™s image.

She cut her hair.
Not dramaticallyâ€”just enough to feel the difference.

At night, she wrote lists.
Not of things to fix.
But of things she wanted.

The list grew longer than she expected.",image,https://scontent-nrt6-1.xx.fbcdn.net/v/t39.35426-6/611404124_883859167692476_5430898333014987314_n.jpg?stp=dst-jpg_s60x60_tt6&_nc_cat=110&ccb=1-7&_nc_sid=c53f8f&_nc_ohc=lBkrKLuZbnUQ7kNvwHILnDz&_nc_oc=AdkRrSfzFFYAUIr4yXEPK50MM09MpTOp1TOdSaUvtm8_CBu2CxkugPO19tVqZQKExpg&_nc_zt=14&_nc_ht=scontent-nrt6-1.xx&_nc_gid=uzCEFNegVKzwpaQzKzZetA&oh=00_AfrIPSASBDw-rndf5SEXMgs4hssEphfyjaFLZELCXAVzsQ&oe=6966FEA9,
